{"sections":{"899e774a-3331-44ce-a24c-f1c289090379":{"type":"rich-text","blocks":{"template--20475841380637__899e774a-3331-44ce-a24c-f1c289090379-heading-1":{"type":"heading","settings":{"heading":"La cruz del Buen Pastor","heading_size":"h2","heading_h1":false}},"template--20475841380637__899e774a-3331-44ce-a24c-f1c289090379-text-1":{"type":"text","settings":{"text":"<p>Réplica exacta del Papa Francisco para la meditación y contemplación en la fe cristiana.<\/p>","enlarge_text":false}},"template--20475841380637__899e774a-3331-44ce-a24c-f1c289090379-button-1":{"type":"button","settings":{"button_1_label":"COMPRAR AHORA","button_1_link":"","button_1_style":"btn--primary","button_2_label":"LLAMAR AHORA","button_2_link":"","button_2_style":"btn btn--primary"}}},"block_order":["template--20475841380637__899e774a-3331-44ce-a24c-f1c289090379-heading-1","template--20475841380637__899e774a-3331-44ce-a24c-f1c289090379-text-1","template--20475841380637__899e774a-3331-44ce-a24c-f1c289090379-button-1"],"settings":{"text_align":"text-center","mob_center_text":true,"color_scheme":"1","full_width":true,"prevent_animation":false}},"slideshow":{"type":"slideshow","blocks":{"slide-2":{"type":"slide","settings":{"image_desktop":"shopify:\/\/shop_images\/QLzYv7x3pPOuGZBXzZ4DdSU2EGMQXSEZfcVrIXxyepG_vm2TyNNyVaqWu-2Z7MvYxWUMhO6Y26awxbpIBddiM4T13Q7gqFypWEu_Pn3lRFpAGRE-sazyV_3UvkKUTeUNaeZ4clvCJ5EbG5b_Jo-U6Q.jpg","overlay_position":"justify-center items-center","overlay_text_align":"text-center","mob_center_text":false,"subheading":"","heading":"","heading_size":"h0","heading_h1":false,"text":"","enlarge_text":false,"button_1_label":"","button_1_link":"","button_1_style":"btn btn--primary","button_2_label":"","button_2_link":"","button_2_style":"btn btn--primary","countdown_show":false,"countdown_end_date":"","countdown_end_time":"","countdown_end_text":"","enlarge_end_text":false,"countdown_hide_on_end":false,"use_custom_colors":false,"count_color":"#ffffff","bg_color":"#070707","bg_grad":""}},"slide-1":{"type":"slide","disabled":true,"settings":{"image_desktop":"shopify:\/\/shop_images\/eameo-el-humor-tiempos-redes-sociales-foto-2.webp","overlay_position":"justify-center items-center","overlay_text_align":"text-center","mob_center_text":false,"subheading":"","heading":"","heading_size":"h0","heading_h1":false,"text":"","enlarge_text":false,"button_1_label":"","button_1_link":"#","button_1_style":"btn btn--primary","button_2_label":"","button_2_link":"#","button_2_style":"btn btn--primary","countdown_show":false,"countdown_end_date":"","countdown_end_time":"","countdown_end_text":"","enlarge_end_text":false,"countdown_hide_on_end":false,"use_custom_colors":false,"count_color":"#ffffff","bg_color":"#070707","bg_grad":""}},"f2a1e457-8b7a-45ba-8311-49f268b85070":{"type":"slide","disabled":true,"settings":{"image_desktop":"shopify:\/\/shop_images\/f1280x720-242189_373864_5050.webp","overlay_position":"justify-center items-center","overlay_text_align":"text-center","mob_center_text":false,"subheading":"","heading":"","heading_size":"h0","heading_h1":false,"text":"","enlarge_text":false,"button_1_label":"","button_1_link":"","button_1_style":"btn btn--primary","button_2_label":"","button_2_link":"","button_2_style":"btn btn--primary","countdown_show":false,"countdown_end_date":"","countdown_end_time":"","countdown_end_text":"","enlarge_end_text":false,"countdown_hide_on_end":false,"use_custom_colors":false,"count_color":"#ffffff","bg_color":"#070707","bg_grad":""}},"20060658-36be-4e06-9bbe-2d442480998f":{"type":"slide","settings":{"image_desktop":"shopify:\/\/shop_images\/QLzYv7x3pPOuGZBXzZ4DdSU2EGMQXSEZfcVrIXxyepG_vm2TyNNyVaqWu-2Z7MvYxWUMhO6Y26awxbpIBddiM4T13Q7gqFypWEu_Pn3lRFpAGRE-sazyV_3UvkKUTeUNaeZ4clvCJ5EbG5b_Jo-U6Q.jpg","overlay_position":"justify-center items-center","overlay_text_align":"text-center","mob_center_text":false,"subheading":"Subheading","heading":"Slideshow","heading_size":"h0","heading_h1":false,"text":"","enlarge_text":true,"button_1_label":"Optional button","button_1_link":"","button_1_style":"btn btn--primary","button_2_label":"Optional button","button_2_link":"","button_2_style":"btn btn--primary","countdown_show":false,"countdown_end_date":"","countdown_end_time":"","countdown_end_text":"","enlarge_end_text":false,"countdown_hide_on_end":false,"use_custom_colors":false,"count_color":"#ffffff","bg_color":"#070707","bg_grad":""}}},"block_order":["slide-2","slide-1","f2a1e457-8b7a-45ba-8311-49f268b85070","20060658-36be-4e06-9bbe-2d442480998f"],"settings":{"height_mode":"fixed","fixed_height_desktop":600,"fixed_height_mobile":350,"mobile_stacked":false,"nav_style":"slideshow_nav_lines","nav_position":"justify-center","transition":"slide-fade","autoplay":true,"slider_pause":true,"autoplay_speed":3,"color_scheme":"white","full_width":true,"tint_color":"#000000","tint_opacity":40,"accessibility_info":"","prevent_animation":true}},"collection-list":{"type":"collection-list","blocks":{"collection-0":{"type":"collection","settings":{"collection":""}},"collection-1":{"type":"collection","settings":{"collection":""}},"collection-2":{"type":"collection","settings":{"collection":""}},"collection-3":{"type":"collection","settings":{"collection":""}},"collection-4":{"type":"collection","settings":{"collection":""}},"collection-5":{"type":"collection","settings":{"collection":""}},"collection-6":{"type":"collection","settings":{"collection":""}}},"block_order":["collection-0","collection-1","collection-2","collection-3","collection-4","collection-5","collection-6"],"disabled":true,"settings":{"title":"Collections","heading_align":"text-start","button_label":"View all","button_link":"","layout":"carousel","card_size":"small","use_product_image":false,"circle_image":true}},"scrolling-banner":{"type":"scrolling-banner","blocks":{"scrolling-text-1":{"type":"text","settings":{"text":"Scrolling Banner","link":"","font":"heading","heading_size":"h1"}},"scrolling-icon-2":{"type":"icon","settings":{"icon":"star","icon_size":64}},"scrolling-text-3":{"type":"text","settings":{"text":"Grab customers' attention","link":"","font":"body","heading_size":"h1"}},"scrolling-button-4":{"type":"button","settings":{"button_label":"Optional Button","button_link":"#","button_style":"btn btn--primary"}}},"block_order":["scrolling-text-1","scrolling-icon-2","scrolling-text-3","scrolling-button-4"],"disabled":true,"settings":{"section_height":"medium","spacing":40,"speed":24,"direction":"normal","pausable":true,"color_scheme":"1","dividers":"none","prevent_animation":false}},"countdown-timer":{"type":"countdown-timer","blocks":{"countdown-heading-0":{"type":"heading","settings":{"heading":"Countdown timer","heading_size":"h2"}},"countdown-text-1":{"type":"text","settings":{"text":"<p>Create urgency around an offer or event!<\/p>","enlarge_text":true}},"countdown-countdown-2":{"type":"countdown","settings":{"end_date":"","end_time":"","end_text":"","enlarge_end_text":false,"hide_on_end":false}}},"block_order":["countdown-heading-0","countdown-text-1","countdown-countdown-2"],"disabled":true,"settings":{"height_mode":"fixed","fixed_height_desktop":600,"fixed_height_mobile":350,"overlay_position":"justify-center","text_align":"text-center","mob_center_text":false,"countdown_size":"24","use_custom_colors":false,"count_color":"#ffffff","bg_color":"#070707","color_scheme":"2","full_width":true,"tint_color":"#000000","tint_opacity":20}},"promo-grid":{"type":"promo-grid","blocks":{"promo-media-0":{"type":"media","settings":{"link_url":"","columns":2,"rows":2,"line1_text":"Save up to","line1_text_type_scale":"text-h6","line2_text":"50%","line2_text_type_scale":"text-h0","line3_text":"","line3_text_type_scale":"text-h6","overlay_position":"justify-start items-start","text_alignment":"text-center","promo_circle":true,"background_color":"#e32b2b","text_color":"#ffffff","subheading":"Subheading with more info","link_text":"Add link text here","text_type_scale":"h6","tint_color":"#000000","tint_opacity":30}},"promo-media-1":{"type":"media","settings":{"link_url":"","columns":1,"rows":1,"line1_text":"Save","line1_text_type_scale":"text-h6","line2_text":"50%","line2_text_type_scale":"text-h2","line3_text":"","line3_text_type_scale":"text-h6","overlay_position":"justify-start items-start","text_alignment":"text-center","promo_circle":false,"background_color":"#e32b2b","text_color":"#ffffff","subheading":"Subheading","link_text":"Add link text here","text_type_scale":"h6","tint_color":"#000000","tint_opacity":30}},"promo-media-2":{"type":"media","settings":{"link_url":"","columns":1,"rows":1,"line1_text":"Now","line1_text_type_scale":"text-h6","line2_text":"$50","line2_text_type_scale":"text-h2","line3_text":"","line3_text_type_scale":"text-h6","overlay_position":"justify-start items-start","text_alignment":"text-center","promo_circle":false,"background_color":"#e32b2b","text_color":"#ffffff","subheading":"Subheading","link_text":"Add link text here","text_type_scale":"h6","tint_color":"#000000","tint_opacity":30}},"promo-media-3":{"type":"media","settings":{"link_url":"","columns":2,"rows":1,"line1_text":"Save","line1_text_type_scale":"text-h6","line2_text":"1\/3","line2_text_type_scale":"text-h1","line3_text":"","line3_text_type_scale":"text-h6","overlay_position":"justify-start items-start","text_alignment":"text-center","promo_circle":false,"background_color":"#e32b2b","text_color":"#ffffff","subheading":"Subheading with more info","link_text":"Add link text here","text_type_scale":"h6","tint_color":"#000000","tint_opacity":30}}},"block_order":["promo-media-0","promo-media-1","promo-media-2","promo-media-3"],"disabled":true,"settings":{"title":"Promo grid","heading_align":"text-start","button_label":"View All","button_link":"","gallery_cols_max":4,"gallery_cols_min":"1","fixed_height_desktop":200,"fixed_height_mobile":280,"text_overlay_font":"body","color_scheme":"default"}},"featured-collection":{"type":"featured-collection","disabled":true,"settings":{"title":"Featured collection","heading_align":"text-start","show_view_all":true,"collection":"","layout":"carousel","card_size":"small","products_to_show":8,"show_promo_info":true,"image_ratio":"fill","promo_title":"A headline to grab attention","content":"<p>Use this card with an image to highlight your collections or introduce a promotion.<\/p>","link_url":"#","button_label":"Optional Button","color_scheme":"2","button_style":"btn btn--primary"}},"product-features":{"type":"product-features","blocks":{"feature-0":{"type":"feature","settings":{"heading":"Feature name","text":"<p>Add some text describing the product feature.<\/p>","content_align":"text-start","hotspot_x":28,"hotspot_y":38}},"feature-1":{"type":"feature","settings":{"heading":"Feature name","text":"<p>Add some text describing the product feature.<\/p>","content_align":"text-start","hotspot_x":60,"hotspot_y":23}},"feature-2":{"type":"feature","settings":{"heading":"Feature name","text":"<p>Add some text describing the product feature.<\/p>","content_align":"text-start","hotspot_x":73,"hotspot_y":54}}},"block_order":["feature-0","feature-1","feature-2"],"disabled":true,"settings":{"product":"","show_content":true,"layout":"text_first","text_align":"text-center","mob_center_text":false,"heading_size":"h1","enlarge_text":false,"title":"Product features","description":"<p>Use this section to highlight specific product features to your customers.<\/p>","button_label":"","button_link":"","hotspot_color":"#070707","color_scheme":"none","button_style":"btn btn--primary"}},"media-with-text":{"type":"media-with-text","blocks":{"media-with-text-heading-0":{"type":"heading","settings":{"heading":"Media with text","heading_size":"h3","heading_h1":false}},"media-with-text-text-1":{"type":"text","settings":{"text":"<p>Share information about your brand with your customers. Describe a product, make announcements, or welcome customers to your store.<\/p>","enlarge_text":false}},"media-with-text-button-2":{"type":"button","settings":{"button_label":"Optional button","button_link":"#","button_style":"btn btn--primary"}}},"block_order":["media-with-text-heading-0","media-with-text-text-1","media-with-text-button-2"],"disabled":true,"settings":{"video_external":"","video_description":"","video_autoplay":false,"layout":"left","text_align":"text-start","color_scheme":"none"}},"shoppable-image":{"type":"shoppable-image","blocks":{"hotspot-0":{"type":"hotspot","settings":{"product":"","hotspot_x":28,"hotspot_y":38}},"hotspot-1":{"type":"hotspot","settings":{"product":"","hotspot_x":60,"hotspot_y":23}},"hotspot-2":{"type":"hotspot","settings":{"product":"","hotspot_x":73,"hotspot_y":54}}},"block_order":["hotspot-0","hotspot-1","hotspot-2"],"disabled":true,"settings":{"layout":"image_first","show_vendor":true,"show_content":true,"mob_center_text":false,"heading":"Shoppable image","text":"<p>Create a Shop the Look section to assist with upselling or helping customers with purchasing complementary products.<\/p>","button_label":"Optional button","button_link":"#","hotspot_color":"#070707","color_scheme":"2","button_style":"btn btn--primary"}},"link-lists":{"type":"link-lists","blocks":{"links-column-0":{"type":"column","settings":{"heading":"Column 1","heading_bg_color":"#2e2e2e","heading_text_color":"#ffffff","menu":"","button_label":"Optional button","button_link":"#"}},"links-column-1":{"type":"column","settings":{"heading":"Column 2","heading_bg_color":"#484848","heading_text_color":"#ffffff","menu":"","button_label":"Optional button","button_link":"#"}},"links-column-2":{"type":"column","settings":{"heading":"Column 3","heading_bg_color":"#6e6e6e","heading_text_color":"#ffffff","menu":"","button_label":"Optional button","button_link":"#"}},"links-column-3":{"type":"column","settings":{"heading":"Column 4","heading_bg_color":"#7c7c7c","heading_text_color":"#ffffff","menu":"","button_label":"Optional button","button_link":"#"}},"links-column-4":{"type":"column","settings":{"heading":"Column 5","heading_bg_color":"#9f9f9f","heading_text_color":"#ffffff","menu":"","button_label":"Optional button","button_link":"#"}}},"block_order":["links-column-0","links-column-1","links-column-2","links-column-3","links-column-4"],"disabled":true,"settings":{"title":"Link lists","heading_align":"text-start","button_label":"","button_link":"","layout":"carousel","column_size":"small","column_align":"left","color_scheme":"1","image_ratio":"1.77","button_style":"btn--primary"}},"product-comparison-grid":{"type":"product-comparison-grid","blocks":{"comparison-product-1":{"type":"product","settings":{"show_image":true,"show_title":true,"show_button":true}},"comparison-vendor-2":{"type":"vendor","settings":{}},"comparison-price-3":{"type":"price","settings":{}},"comparison-description-4":{"type":"description","settings":{"truncate_description":false,"words_to_show":20}}},"block_order":["comparison-product-1","comparison-vendor-2","comparison-price-3","comparison-description-4"],"disabled":true,"settings":{"heading":"Product comparison grid","text":"<p>Add content here to explain a bit about the range of products on offer and which ones may be most suitable for your customers.<\/p>","heading_align":"text-center","view_more_label":"View more","view_more_link":"","product_list":[],"empty_field_text":"-","image_ratio":"shortest","image_crop":"center","num_rows":0,"color_scheme":"none","highlight_row":false}},"multi-column":{"type":"multi-column","blocks":{"multi-column-0":{"type":"column","settings":{"heading":"Column 1","text":"<p>Pair text with an image to focus on a product, collection or blog post. Add details on availability, style, or even provide a review.<\/p>","button_label":"","button_link":""}},"multi-column-1":{"type":"column","settings":{"heading":"Column 2","text":"<p>Pair text with an image to focus on a product, collection or blog post. Add details on availability, style, or even provide a review.<\/p>","button_label":"","button_link":""}},"multi-column-2":{"type":"column","settings":{"heading":"Column 3","text":"<p>Pair text with an image to focus on a product, collection or blog post. Add details on availability, style, or even provide a review.<\/p>","button_label":"","button_link":""}},"multi-column-3":{"type":"column","settings":{"heading":"Column 4","text":"<p>Pair text with an image to focus on a product, collection or blog post. Add details on availability, style, or even provide a review.<\/p>","button_label":"","button_link":""}}},"block_order":["multi-column-0","multi-column-1","multi-column-2","multi-column-3"],"disabled":true,"settings":{"title":"Multi-column","heading_align":"text-start","button_label":"View All","button_link":"","layout":"carousel","column_size":"medium","column_align":"left","image_ratio":"shortest","image_width":"w-full","color_scheme":"1","button_style":"btn btn--secondary"}},"video":{"type":"video","blocks":{"video-heading-1":{"type":"heading","settings":{"heading":"Video","heading_size":"h1","heading_h1":false}},"video-text-2":{"type":"text","settings":{"text":"<p>Add text to a video to showcase a detail of your brand or product line.<\/p>","enlarge_text":true}}},"block_order":["video-heading-1","video-text-2"],"disabled":true,"settings":{"video_external":"https:\/\/www.youtube.com\/watch?v=_9VUPq3SxOc","video_description":"","video_size":"md","video_autoplay":true,"text_align":"text-center","color_scheme":"1"}},"4361b41d-50c4-4791-9e6f-4b73dac7ca02":{"type":"rich-text","blocks":{"template--20475841380637__4361b41d-50c4-4791-9e6f-4b73dac7ca02-subheading-1":{"type":"subheading","disabled":true,"settings":{"text":"Subheading"}},"template--20475841380637__4361b41d-50c4-4791-9e6f-4b73dac7ca02-heading-1":{"type":"heading","settings":{"heading":"Top Brands","heading_size":"h2","heading_h1":false}},"template--20475841380637__4361b41d-50c4-4791-9e6f-4b73dac7ca02-text-1":{"type":"text","disabled":true,"settings":{"text":"<p>Share information about your store with your customers. Describe a product, share announcements, or welcome customers to your store.<\/p>","enlarge_text":true}},"template--20475841380637__4361b41d-50c4-4791-9e6f-4b73dac7ca02-button-1":{"type":"button","disabled":true,"settings":{"button_1_label":"Optional button","button_1_link":"","button_1_style":"btn--primary","button_2_label":"Optional button","button_2_link":"","button_2_style":"btn btn--primary"}}},"block_order":["template--20475841380637__4361b41d-50c4-4791-9e6f-4b73dac7ca02-subheading-1","template--20475841380637__4361b41d-50c4-4791-9e6f-4b73dac7ca02-heading-1","template--20475841380637__4361b41d-50c4-4791-9e6f-4b73dac7ca02-text-1","template--20475841380637__4361b41d-50c4-4791-9e6f-4b73dac7ca02-button-1"],"settings":{"text_align":"text-center","mob_center_text":true,"color_scheme":"none","full_width":true,"prevent_animation":false}},"media-grid":{"type":"media-grid","blocks":{"media-0":{"type":"media","settings":{"image":"shopify:\/\/shop_images\/antique-cross-and-crown.jpg","link_url":"","columns":2,"rows":2,"subheading":"","title":"","heading_size":"h4","button_label":"VER PRODUCTO","button_link":"#","overlay_position":"justify-center items-end","text_alignment":"text-start","button_style":"btn btn--primary","tint_color":"#000000","tint_opacity":40}},"media-1":{"type":"media","settings":{"image":"shopify:\/\/shop_images\/putting-on-your-shoes.jpg","link_url":"","columns":2,"rows":2,"subheading":"","title":"","heading_size":"h4","button_label":"VER PRODUCTO","button_link":"#","overlay_position":"justify-center items-end","text_alignment":"text-center","button_style":"btn btn--primary","tint_color":"#000000","tint_opacity":40}},"media-2":{"type":"media","disabled":true,"settings":{"image":"shopify:\/\/shop_images\/studded-flats.jpg","link_url":"","columns":1,"rows":1,"subheading":"","title":"<p>Media heading<\/p>","heading_size":"h5","button_label":"Optional Button","button_link":"#","overlay_position":"justify-start items-end","text_alignment":"text-start","button_style":"btn btn--primary","tint_color":"#000000","tint_opacity":40}},"media-3":{"type":"media","disabled":true,"settings":{"link_url":"","columns":2,"rows":1,"subheading":"","title":"<p>Media heading<\/p>","heading_size":"h5","button_label":"Optional Button","button_link":"#","overlay_position":"justify-start items-end","text_alignment":"text-start","button_style":"btn btn--primary","tint_color":"#000000","tint_opacity":40}}},"block_order":["media-0","media-1","media-2","media-3"],"settings":{"title":"","heading_align":"text-center","button_label":"","button_link":"#","gallery_cols_max":4,"gallery_cols_min":"1","fixed_height_desktop":180,"fixed_height_mobile":300,"color_scheme":"white"}},"ed0fe080-689e-4170-b061-a1f5b9fe7eb9":{"type":"background-video","blocks":{"template--20475841380637__ed0fe080-689e-4170-b061-a1f5b9fe7eb9-heading-1":{"type":"heading","settings":{"heading":"Background Video","heading_size":"h1","heading_h1":false}},"template--20475841380637__ed0fe080-689e-4170-b061-a1f5b9fe7eb9-text-1":{"type":"text","settings":{"text":"<p>Add text to a video to showcase a detail of your brand or product line.<\/p>","enlarge_text":true}},"template--20475841380637__ed0fe080-689e-4170-b061-a1f5b9fe7eb9-button-1":{"type":"button","settings":{"button_label":"","button_link":"","button_style":"btn btn--secondary"}}},"block_order":["template--20475841380637__ed0fe080-689e-4170-b061-a1f5b9fe7eb9-heading-1","template--20475841380637__ed0fe080-689e-4170-b061-a1f5b9fe7eb9-text-1","template--20475841380637__ed0fe080-689e-4170-b061-a1f5b9fe7eb9-button-1"],"settings":{"video_external":"https:\/\/www.youtube.com\/watch?v=_9VUPq3SxOc","video_description":"","video_height":"md","overlay_text_align":"text-center","overlay_position":"justify-center items-center","mob_center_text":true,"color_scheme":"white","tint_color":"#000000","tint_opacity":40,"lazyload":true,"prevent_animation":false}},"image-banner":{"type":"image-banner","blocks":{"banner-heading":{"type":"heading","settings":{"heading":"Pisa con estilo, camina con confianza.","heading_size":"h2","heading_h1":false}},"banner-text":{"type":"text","settings":{"text":"<p>Los únicos zapatos inteligentes activan tu circulación y brindan salud a tus pies gracias a la TECNOLOGÍA HEXATEC, no importa ni tu edad, ni la actividad que realices.<\/p>","enlarge_text":false}},"banner-button":{"type":"button","settings":{"button_1_label":"COMPRAR AHORA","button_1_link":"#","button_1_style":"btn btn--primary","button_2_label":"LLAMAR AHORA","button_2_link":"#","button_2_style":"btn btn--primary"}}},"block_order":["banner-heading","banner-text","banner-button"],"settings":{"url":"","height_mode":"auto","fixed_height_desktop":600,"fixed_height_mobile":350,"overlay_position":"justify-center items-end","overlay_text_align":"text-center","mob_center_text":false,"mobile_stacked":false,"color_scheme":"white","full_width":true,"tint_color":"#000000","tint_opacity":40,"prevent_animation":false}},"featured-product":{"type":"featured-product","blocks":{"product-labels-1":{"type":"product-labels","settings":{}},"title-2":{"type":"title","settings":{}},"rating-3":{"type":"rating","settings":{}},"price-4":{"type":"price","settings":{"show_tax_and_shipping":true}},"description-5":{"type":"description","settings":{"text":"<p>Pair some text with a product to highlight features.<\/p>"}},"divider-6":{"type":"divider","settings":{"show_line":true,"spacing":"mt-8 mb-8"}},"variant-picker-7":{"type":"variant-picker","settings":{"selector_style":"buttons","enable_dynamic_availability":true,"show_backorder_text":true,"enable_size_chart":false,"size_chart_variant":"Size","size_chart_page":""}},"buy-buttons-8":{"type":"buy-buttons","settings":{"show_qty_selector":false,"enable_dynamic_checkout":true}},"divider-9":{"type":"divider","settings":{"show_line":true,"spacing":"mt-8 mb-8"}}},"block_order":["product-labels-1","title-2","rating-3","price-4","description-5","divider-6","variant-picker-7","buy-buttons-8","divider-9"],"settings":{"product":"","media_ratio":"natural","media_crop":"none","hover_zoom":"large","enable_video_looping":false,"color_scheme":"1","border_color":"rgba(0,0,0,0)","bg_color":"#f4f4f4"}},"48b3d0e8-8404-4d48-8948-28e6202b6fad":{"type":"countdown-timer","blocks":{"template--20475841380637__48b3d0e8-8404-4d48-8948-28e6202b6fad-heading-1":{"type":"heading","settings":{"heading":"LANZAMIENTO Jet Paint","heading_size":"h2"}},"template--20475841380637__48b3d0e8-8404-4d48-8948-28e6202b6fad-text-1":{"type":"text","disabled":true,"settings":{"text":"<p>Create urgency around an offer or event!<\/p>","enlarge_text":true}},"template--20475841380637__48b3d0e8-8404-4d48-8948-28e6202b6fad-countdown-1":{"type":"countdown","settings":{"end_date":"2023-8-28","end_time":"","end_text":"","enlarge_end_text":false,"hide_on_end":false}}},"block_order":["template--20475841380637__48b3d0e8-8404-4d48-8948-28e6202b6fad-heading-1","template--20475841380637__48b3d0e8-8404-4d48-8948-28e6202b6fad-text-1","template--20475841380637__48b3d0e8-8404-4d48-8948-28e6202b6fad-countdown-1"],"settings":{"image":"shopify:\/\/shop_images\/screencapture-themes-shopify-themes-enterprise-styles-digital-preview-2023-08-03-13_37_56.png","height_mode":"fixed","fixed_height_desktop":400,"fixed_height_mobile":350,"overlay_position":"justify-center","text_align":"text-center","mob_center_text":false,"countdown_size":"24","use_custom_colors":false,"count_color":"#ffffff","bg_color":"#0b0b0b","color_scheme":"2","full_width":true,"tint_color":"#000000","tint_opacity":35}},"b597a74e-2ffc-4e1f-8f8a-75715c68977b":{"type":"faq","blocks":{"template--20475841380637__b597a74e-2ffc-4e1f-8f8a-75715c68977b-category-1":{"type":"category","settings":{"text":"Envíos"}},"template--20475841380637__b597a74e-2ffc-4e1f-8f8a-75715c68977b-question-1":{"type":"question","settings":{"icon":"none","heading":"What countries do you ship to?","text":"<p>We currently ship to the United States, Canada, Australia and the UK. To enquire about shipping to a different destination, please contact us.<\/p>"}},"template--20475841380637__b597a74e-2ffc-4e1f-8f8a-75715c68977b-question-2":{"type":"question","settings":{"icon":"none","heading":"Pregunta nuúmero 2?","text":"<p>Respuesta estándar 2<\/p>"}},"template--20475841380637__b597a74e-2ffc-4e1f-8f8a-75715c68977b-category-2":{"type":"category","settings":{"text":"Returns and Refunds"}},"template--20475841380637__b597a74e-2ffc-4e1f-8f8a-75715c68977b-question-3":{"type":"question","settings":{"icon":"none","heading":"How do I return a product?","text":"<p>Items must be returned within 30 days after receiving your order. Items must be returned in the same condition in which they were received, be unworn\/unused, have any tags still attached, and include all the original packaging.<\/p>"}},"template--20475841380637__b597a74e-2ffc-4e1f-8f8a-75715c68977b-question-4":{"type":"question","settings":{"icon":"none","heading":"How long will it take to receive my refund?","text":"<p>Refunds are processed within 7 days from when we receive the item(s).<\/p>"}}},"block_order":["template--20475841380637__b597a74e-2ffc-4e1f-8f8a-75715c68977b-category-1","template--20475841380637__b597a74e-2ffc-4e1f-8f8a-75715c68977b-question-1","template--20475841380637__b597a74e-2ffc-4e1f-8f8a-75715c68977b-question-2","template--20475841380637__b597a74e-2ffc-4e1f-8f8a-75715c68977b-category-2","template--20475841380637__b597a74e-2ffc-4e1f-8f8a-75715c68977b-question-3","template--20475841380637__b597a74e-2ffc-4e1f-8f8a-75715c68977b-question-4"],"settings":{"heading":"Ayuda y Preguntas Frecuentes","heading_align":"text-center","color_scheme":"1","full_width":true}},"a776d886-fb5c-428d-92b0-55fbf86dc07f":{"type":"image-banner","blocks":{"template--20475841380637__a776d886-fb5c-428d-92b0-55fbf86dc07f-heading-1":{"type":"heading","disabled":true,"settings":{"heading":"Image banner","heading_size":"h1","heading_h1":false}},"template--20475841380637__a776d886-fb5c-428d-92b0-55fbf86dc07f-text-1":{"type":"text","disabled":true,"settings":{"text":"<p>Share information about your brand with your customers. Describe a product, make announcements, or welcome customers to your store.<\/p>","enlarge_text":true}},"template--20475841380637__a776d886-fb5c-428d-92b0-55fbf86dc07f-button-1":{"type":"button","disabled":true,"settings":{"button_1_label":"Optional button","button_1_link":"","button_1_style":"btn btn--primary","button_2_label":"Optional button","button_2_link":"","button_2_style":"btn btn--primary"}}},"block_order":["template--20475841380637__a776d886-fb5c-428d-92b0-55fbf86dc07f-heading-1","template--20475841380637__a776d886-fb5c-428d-92b0-55fbf86dc07f-text-1","template--20475841380637__a776d886-fb5c-428d-92b0-55fbf86dc07f-button-1"],"settings":{"image_desktop":"shopify:\/\/shop_images\/descarga.jpg","url":"","height_mode":"fixed","fixed_height_desktop":400,"fixed_height_mobile":350,"overlay_position":"justify-center items-center","overlay_text_align":"text-center","mob_center_text":false,"mobile_stacked":false,"color_scheme":"white","full_width":true,"tint_color":"#000000","tint_opacity":40,"prevent_animation":false}}},"order":["899e774a-3331-44ce-a24c-f1c289090379","slideshow","collection-list","scrolling-banner","countdown-timer","promo-grid","featured-collection","product-features","media-with-text","shoppable-image","link-lists","product-comparison-grid","multi-column","video","4361b41d-50c4-4791-9e6f-4b73dac7ca02","media-grid","ed0fe080-689e-4170-b061-a1f5b9fe7eb9","image-banner","featured-product","48b3d0e8-8404-4d48-8948-28e6202b6fad","b597a74e-2ffc-4e1f-8f8a-75715c68977b","a776d886-fb5c-428d-92b0-55fbf86dc07f"]}