{"type":"footer","name":"Footer Group","sections":{"icons-with-text":{"type":"icons-with-text","blocks":{"icons-with-text-1":{"type":"item","settings":{"icon":"chat_bubble","heading":"Visit our support center","text":"<p>Expert help & advice<\/p>","link":""}},"icons-with-text-2":{"type":"item","settings":{"icon":"box","heading":"Check your order status","text":"<p>Updates & tracking<\/p>","link":""}},"icons-with-text-3":{"type":"item","settings":{"icon":"return","heading":"Returns & exchanges","text":"<p>All you need to know<\/p>","link":""}},"icons-with-text-4":{"type":"item","settings":{"icon":"dollar_sign","heading":"Price-match guarantee","text":"<p>Our promise to you<\/p>","link":""}}},"block_order":["icons-with-text-1","icons-with-text-2","icons-with-text-3","icons-with-text-4"],"settings":{"heading":"","heading_align":"text-center","icon_size":40,"icon_position":"above","section_height":"medium","color_scheme":"1","full_width":true,"dividers":"border-top","prevent_animation":false}},"footer":{"type":"footer","blocks":{"text":{"type":"text","settings":{"image_width":150,"heading":"Talk about your store","text":"<p>Share store details, promotions, or brand content with your customers.<\/p>","button_label":"","button_link":"","show_social":false,"text_align":"text-start"}},"link-list-1":{"type":"link_list","settings":{"heading":"Footer links","menu":"footer"}},"link-list-2":{"type":"link_list","settings":{"heading":"Footer links","menu":"footer"}},"newsletter":{"type":"newsletter","settings":{"heading":"Newsletter","text":"<p>Sign up for exclusive offers, original stories, events and more.<\/p>","collapse_mobile":true}}},"block_order":["text","link-list-1","link-list-2","newsletter"],"settings":{"show_back_to_top":false,"show_payment_icons":true,"enable_country_selector":true,"enable_language_selector":true,"secondary_menu":"","bg_color":"#f4f4f4","text_color":"#070707"}}},"order":["icons-with-text","footer"]}