{"type":"header","name":"Header Group","sections":{"announcement":{"type":"announcement","blocks":{"announcement-1":{"type":"announcement","settings":{"text":"<p><strong>Welcome to our store<\/strong> <a href=\"#\" title=\"#\">Learn more<\/a><\/p>"}},"announcement-2":{"type":"announcement","settings":{"text":"<p><strong>New collections added!<\/strong> <a href=\"#\" title=\"#\">Learn more<\/a><\/p>"}}},"block_order":["announcement-1","announcement-2"],"settings":{"link1":"","link1_label":"","link2":"","link2_label":"","enable_country_selector":true,"enable_language_selector":true,"bg_color":"#000000","text_color":"#ffffff","text_type_scale":"small","read_time":7}},"header":{"type":"header","settings":{"enable_sticky":true,"mobile_menu_position":"burger-right","logo_text":"decomprastv","logo_type_scale":"2","logo":"{{ shop.brand.logo }}","logo_width":150,"logo_h1":true,"enable_search":true,"minimise_search_mobile":false,"minimise_search_desktop":false,"menu":"main-menu","repeat_links":true,"menu_featured_link":"Sale","quicklinks_menu":"","bg_color":"#2a2b2a","text_color":"#ffffff","accent_color":"#777777"}},"promo-strip":{"type":"promo-strip","blocks":{"heading-0":{"type":"heading","settings":{"heading":"Announce a promotion","heading_size":"h6","show_on_mobile":true,"show_on_desktop":true}},"text-1":{"type":"text","settings":{"text":"<p>Share something special with your customers.<\/p>","enlarge_text":false,"show_on_mobile":true,"show_on_desktop":true}},"discount-2":{"type":"discount","settings":{"discount_code":"DISCOUNTCODE"}}},"block_order":["heading-0","text-1","discount-2"],"disabled":true,"settings":{"section_height":"xsmall","color_scheme":"1","full_width":true,"dividers":"border-top","prevent_animation":false}}},"order":["announcement","header","promo-strip"]}