{"type":"aside","name":"Overlay group","sections":{"cart-drawer":{"type":"cart-drawer","settings":{}},"product-compare":{"type":"product-compare","blocks":{"compare-1":{"type":"image","settings":{}},"compare-2":{"type":"vendor","settings":{}},"compare-3":{"type":"title","settings":{}},"compare-4":{"type":"price","settings":{}},"compare-5":{"type":"description","settings":{}},"compare-6":{"type":"variants","settings":{}}},"block_order":["compare-1","compare-2","compare-3","compare-4","compare-5","compare-6"],"settings":{}}},"order":["cart-drawer","product-compare"]}